{
  "step": [
    1,
    501,
    1001,
    1501,
    2001,
    2501,
    3001,
    3501,
    4001,
    4501,
    5001,
    5501,
    6001,
    6501,
    7001,
    7501,
    8001,
    8501,
    9001,
    9501,
    10000
  ],
  "train_loss": [
    0.12731097638607025,
    0.05488408118486404,
    0.0002749011031119153,
    7.833021139958873e-05,
    4.855914427025709e-05,
    2.9322673799470068e-05,
    2.8703870812023523e-05,
    3.089113219175488e-05,
    2.2474174984381533e-05,
    1.4425698327613646e-05,
    9.749278651725035e-06,
    7.440338595188223e-06,
    6.59957893731189e-06,
    8.169365100911818e-06,
    6.19959571849904e-06,
    6.251702689041849e-06,
    5.09752595462487e-06,
    5.979582401778316e-06,
    4.844027789658867e-06,
    4.6931756969570415e-06,
    4.682341268562595e-06
  ],
  "val_loss": [
    0.1420862829685211,
    0.05742431327700615,
    0.0005210668640211225,
    0.00023122585997043644,
    0.00015609331574523822,
    0.00012480862002121285,
    0.0001295878505334258,
    0.00013106017395330126,
    0.00011517552367877215,
    0.00010479822238266934,
    0.00010068073504953645,
    8.709503934369423e-05,
    8.540916976926383e-05,
    9.734213701449334e-05,
    8.553211373509839e-05,
    8.828373647702392e-05,
    8.34189217130188e-05,
    8.095288256299683e-05,
    8.326638773723971e-05,
    8.335779581102543e-05,
    8.33657842304092e-05
  ],
  "val_mae": [
    0.25034203469753263,
    0.15933515191078185,
    0.014596775770187378,
    0.008866300247609616,
    0.007416183575987816,
    0.006400012001395225,
    0.00628966685384512,
    0.006413313746452332,
    0.0059115262795239685,
    0.00583870206028223,
    0.005299477698281407,
    0.005037535997107625,
    0.004944328004494309,
    0.005084193805232644,
    0.004927071565762162,
    0.004916453892365098,
    0.004841054314747453,
    0.0048511842172592875,
    0.004844622099772096,
    0.004845972368493676,
    0.004840344609692693
  ],
  "lr": [
    1.0000000000000002e-06,
    9.959572851657869e-05,
    9.797017872333527e-05,
    9.513951241970062e-05,
    9.117484390735627e-05,
    8.617577254772186e-05,
    8.026788830757142e-05,
    7.359960675239564e-05,
    6.633845418691635e-05,
    5.866684317588806e-05,
    5.077749714255333e-05,
    4.286862462759018e-05,
    3.5138906538486485e-05,
    2.77825266122818e-05,
    2.0984303951263428e-05,
    1.4915019273757936e-05,
    9.727144241333008e-06,
    5.5510103702545165e-06,
    2.4915337562561036e-06,
    6.25571608543396e-07,
    0.0
  ]
}