{
  "Q": {
    "layer_1": 1.0036736726760864,
    "layer_2": 0.8698786497116089,
    "layer_3": 0.4490092694759369,
    "layer_4": 0.1205790787935257,
    "layer_5": 0.011670349165797234,
    "layer_6": 0.0070261359214782715,
    "layer_7": 0.002453610533848405,
    "layer_8": 0.000985383172519505,
    "layer_9": 0.0005242403713054955,
    "layer_10": 0.0004366323701106012,
    "layer_11": 0.0004448224208317697,
    "layer_12": 0.0004574957420118153,
    "output": 0.0005006224964745343
  }
}