{
  "Q": {
    "layer_1": 1.0065968036651611,
    "layer_2": 0.9777683019638062,
    "layer_3": 0.9519997239112854,
    "layer_4": 0.9315551519393921,
    "layer_5": 0.9368757009506226,
    "layer_6": 0.9617325663566589,
    "layer_7": 0.9899441599845886,
    "layer_8": 0.9753337502479553,
    "output": 0.991100013256073
  }
}