{
  "step": [
    1,
    501,
    1000
  ],
  "train_loss": [
    0.507701530456543,
    0.013810321502387524,
    0.005041510588489473
  ],
  "val_loss": [
    0.5222033047676087,
    0.010771128479391337,
    0.003355909272795543
  ],
  "val_mae": [
    0.654147493839264,
    0.06989210277795792,
    0.029232350215315818
  ],
  "lr": [
    1.0000000000000002e-06,
    5.851053446531296e-05,
    0.0
  ]
}