{
  "step": [
    1,
    501,
    1001,
    1501,
    2001,
    2501,
    3001,
    3501,
    4001,
    4501,
    5001,
    5501,
    6001,
    6501,
    7001,
    7501,
    8001,
    8501,
    9001,
    9501,
    10000
  ],
  "train_loss": [
    0.5140348744392395,
    0.006730168387293816,
    0.0023880817368626597,
    0.0010398553556296975,
    0.0006622103578411043,
    0.0008375301258638501,
    0.00034122419776394964,
    0.000250135533278808,
    0.00019098573829978704,
    0.0002093281300039962,
    0.0001057705118728336,
    0.0001300353737315163,
    8.247491685324348e-05,
    7.236913326778449e-05,
    5.497668898897245e-05,
    5.277008625853341e-05,
    4.4669450071523895e-05,
    4.1550065361661837e-05,
    4.0143073929357345e-05,
    3.960658970754594e-05,
    3.93601464384119e-05
  ],
  "val_loss": [
    0.48540156602859497,
    0.00626831786474213,
    0.0021862588077783585,
    0.0011068133055232466,
    0.0008342649380210787,
    0.0009928041300736367,
    0.0004724002029979602,
    0.00035238221171312033,
    0.00031438487887498924,
    0.0003156268608290702,
    0.00020590723790519405,
    0.00020973123580915852,
    0.00019754637192818337,
    0.0001825745397945866,
    0.00014892779669025913,
    0.0001498270870069973,
    0.00012790078864782117,
    0.0001240173523547128,
    0.0001221713740960695,
    0.00012330335332080722,
    0.0001218497510853922
  ],
  "val_mae": [
    0.6173995876312256,
    0.05091662831604481,
    0.027971614003181457,
    0.015900873914361,
    0.012430056780576706,
    0.02123815044760704,
    0.010203100070357322,
    0.008786046635359526,
    0.007971130553632974,
    0.009799470156431199,
    0.005482284426689148,
    0.00734100641682744,
    0.006263080183416605,
    0.005853281226009131,
    0.004734730646014214,
    0.005068228635936975,
    0.004300198908895254,
    0.004179073311388492,
    0.004150669630616903,
    0.004189951103180647,
    0.004140120204538107
  ],
  "lr": [
    1.0000000000000002e-06,
    9.959572851657869e-05,
    9.797017872333527e-05,
    9.513951241970062e-05,
    9.117484390735627e-05,
    8.617577254772186e-05,
    8.026788830757142e-05,
    7.359960675239564e-05,
    6.633845418691635e-05,
    5.866684317588806e-05,
    5.077749714255333e-05,
    4.286862462759018e-05,
    3.5138906538486485e-05,
    2.77825266122818e-05,
    2.0984303951263428e-05,
    1.4915019273757936e-05,
    9.727144241333008e-06,
    5.5510103702545165e-06,
    2.4915337562561036e-06,
    6.25571608543396e-07,
    0.0
  ]
}