{
  "Q": {
    "layer_1": 1.0062288045883179,
    "layer_2": 0.9584980607032776,
    "layer_3": 0.9494732618331909,
    "layer_4": 0.952407717704773,
    "layer_5": 0.9750848412513733,
    "layer_6": 0.9757810235023499,
    "layer_7": 0.9980385899543762,
    "layer_8": 0.9886766076087952,
    "output": 0.9894237518310547
  }
}