{
  "Q": {
    "layer_1": 0.9781752824783325,
    "layer_2": 0.7586584091186523,
    "layer_3": 0.16074274480342865,
    "layer_4": 0.010229221545159817,
    "output": 0.0009254449396394193
  }
}