{
  "step": [
    1,
    501,
    1001,
    1501,
    2001,
    2501,
    3001,
    3501,
    4001,
    4501,
    5001,
    5501,
    6001,
    6501,
    7001,
    7501,
    8001,
    8501,
    9001,
    9501,
    10000
  ],
  "train_loss": [
    0.11939031630754471,
    0.07003466933965682,
    0.013936656415462495,
    0.0026562522631138562,
    0.0007995118061080575,
    0.00038677742646541446,
    0.00023887879448011517,
    0.00015356598218204453,
    0.00010848577745491639,
    8.427322522038594e-05,
    6.17948301078286e-05,
    4.9957732844632116e-05,
    4.102280829101801e-05,
    3.32162174890982e-05,
    2.918494108598679e-05,
    2.5745748716872184e-05,
    2.4730355289648286e-05,
    2.2904022407601588e-05,
    2.2289558255579323e-05,
    2.191701736592222e-05,
    2.186123121646233e-05
  ],
  "val_loss": [
    0.13208224058151244,
    0.07330543518066407,
    0.014708835743367671,
    0.0030145800951868295,
    0.0011949499556794764,
    0.0007232600450515748,
    0.0005565348418895155,
    0.0004184802947565913,
    0.0003383048341493122,
    0.00031187239830615,
    0.0002219548104039859,
    0.00019604913468356243,
    0.0001888695473462576,
    0.0001761788018484367,
    0.00018088766577420757,
    0.00016822021163534373,
    0.00016849379026098176,
    0.00016790571971796452,
    0.00016736066812882199,
    0.00016272819717414678,
    0.0001630385109456256
  ],
  "val_mae": [
    0.25488480269908903,
    0.20723931550979613,
    0.09967601776123047,
    0.04278688535094261,
    0.024708298817276955,
    0.018124550580978394,
    0.014538083523511887,
    0.012632987853139639,
    0.01098636882379651,
    0.00993812408298254,
    0.008980310522019863,
    0.008401605933904648,
    0.008240214996039868,
    0.00769753847271204,
    0.007601957805454731,
    0.0074468889832496644,
    0.007379648722708226,
    0.007307655103504658,
    0.0072863782197237015,
    0.007220651246607304,
    0.0072265413776040075
  ],
  "lr": [
    1.0000000000000002e-06,
    9.959572851657869e-05,
    9.797017872333527e-05,
    9.513951241970062e-05,
    9.117484390735627e-05,
    8.617577254772186e-05,
    8.026788830757142e-05,
    7.359960675239564e-05,
    6.633845418691635e-05,
    5.866684317588806e-05,
    5.077749714255333e-05,
    4.286862462759018e-05,
    3.5138906538486485e-05,
    2.77825266122818e-05,
    2.0984303951263428e-05,
    1.4915019273757936e-05,
    9.727144241333008e-06,
    5.5510103702545165e-06,
    2.4915337562561036e-06,
    6.25571608543396e-07,
    0.0
  ]
}