{
  "step": [
    1,
    501,
    1001,
    1501,
    2001,
    2501,
    3001,
    3501,
    4001,
    4501,
    5001,
    5501,
    6001,
    6501,
    7001,
    7501,
    8001,
    8501,
    9001,
    9501,
    10000
  ],
  "train_loss": [
    0.2613979470729828,
    1.4075888029765338e-05,
    5.50312724953983e-06,
    8.471157962048892e-06,
    2.299643938385998e-06,
    8.03547569375951e-06,
    1.8948530305351596e-06,
    7.874819348216988e-06,
    1.7309813483734616e-06,
    2.136480361514259e-06,
    1.1601875894484693e-06,
    1.192162426377763e-06,
    8.203124980354914e-07,
    1.0852013201656518e-06,
    5.696218227058125e-07,
    4.55054698704771e-07,
    4.2999238189622704e-07,
    4.130035119942477e-07,
    3.9576657400175464e-07,
    3.9474111758863726e-07,
    3.909244378519361e-07
  ],
  "val_loss": [
    0.23684137761592866,
    1.5449849088327027e-05,
    6.596016351068101e-06,
    9.795782643777784e-06,
    3.0242208231356926e-06,
    8.32259198432439e-06,
    3.0806250651949086e-06,
    9.539450729789678e-06,
    2.6734668335848256e-06,
    2.9859167079848704e-06,
    1.8872275040848762e-06,
    2.086504141516343e-06,
    1.6902192328416276e-06,
    1.7902493345900438e-06,
    1.4985791813160177e-06,
    1.3281352244121081e-06,
    1.2397014165799192e-06,
    1.2966112853973755e-06,
    1.224859815920354e-06,
    1.2192553049317212e-06,
    1.230539951393439e-06
  ],
  "val_mae": [
    0.40945111274719237,
    0.0030791578628122807,
    0.0020196882076561453,
    0.0026871349662542345,
    0.001273154579102993,
    0.0025889958068728448,
    0.0013561058416962624,
    0.002754283621907234,
    0.0012284031882882117,
    0.0013686954975128175,
    0.0010050925984978675,
    0.0010874851420521736,
    0.000911009032279253,
    0.0009872039034962655,
    0.0008421864546835422,
    0.0007709377817809582,
    0.0007277389243245125,
    0.0007531777583062648,
    0.0007281173020601273,
    0.0007282149791717529,
    0.0007317463308572769
  ],
  "lr": [
    1.0000000000000002e-06,
    9.959572851657869e-05,
    9.797017872333527e-05,
    9.513951241970062e-05,
    9.117484390735627e-05,
    8.617577254772186e-05,
    8.026788830757142e-05,
    7.359960675239564e-05,
    6.633845418691635e-05,
    5.866684317588806e-05,
    5.077749714255333e-05,
    4.286862462759018e-05,
    3.5138906538486485e-05,
    2.77825266122818e-05,
    2.0984303951263428e-05,
    1.4915019273757936e-05,
    9.727144241333008e-06,
    5.5510103702545165e-06,
    2.4915337562561036e-06,
    6.25571608543396e-07,
    0.0
  ]
}