{
  "Q": {
    "layer_1": 1.0039482116699219,
    "layer_2": 0.8708311915397644,
    "layer_3": 0.5878342390060425,
    "layer_4": 0.22139719128608704,
    "layer_5": 0.021106870844960213,
    "layer_6": 0.0069737425073981285,
    "layer_7": 0.0033604318741708994,
    "layer_8": 0.002676530508324504,
    "output": 0.002958849770948291
  }
}