{
  "step": [
    1,
    501,
    1001,
    1501,
    2001,
    2501,
    3001,
    3501,
    4001,
    4501,
    5001,
    5501,
    6001,
    6501,
    7001,
    7501,
    8001,
    8501,
    9001,
    9501,
    10000
  ],
  "train_loss": [
    0.18405144810676574,
    0.08899347469210625,
    0.005794328190386295,
    0.0006527991115581244,
    0.00022480332525447012,
    0.00013437992834951728,
    0.00011875158495968208,
    6.20580634858925e-05,
    4.8283887444995343e-05,
    0.00011947208229685203,
    5.454467289382592e-05,
    6.298521344433539e-05,
    6.195651250891388e-05,
    3.080427344684722e-05,
    3.1442538602277634e-05,
    2.703118894714862e-05,
    2.818406828737352e-05,
    2.5327950133942067e-05,
    2.4744314869167285e-05,
    2.4492511729476975e-05,
    2.445539052132517e-05
  ],
  "val_loss": [
    0.20725665330886842,
    0.09210667133331299,
    0.0065628537721931935,
    0.0012146541359834373,
    0.0006889796606265008,
    0.0005513257719576359,
    0.0005161054292693734,
    0.00048544519813731313,
    0.00046603547292761504,
    0.000546743375598453,
    0.0004794127104105428,
    0.0005278756361803971,
    0.0005250779540801886,
    0.00048706499524996615,
    0.0005014732506242581,
    0.000497218593081925,
    0.0004884500279149506,
    0.0004989042153465561,
    0.0005010689793562051,
    0.0004952511211740784,
    0.0004961345088668168
  ],
  "val_mae": [
    0.3082555723190308,
    0.2453681743144989,
    0.04870465695858002,
    0.01983439438045025,
    0.014649890065193176,
    0.01276414979249239,
    0.012113193646073342,
    0.010841377750039101,
    0.010351093225181103,
    0.011612095050513744,
    0.01035369312390685,
    0.010774776525795459,
    0.010670275166630746,
    0.009749067015945911,
    0.009616178814321757,
    0.009448603317141533,
    0.009493935946375131,
    0.009414984062314034,
    0.009389876741915942,
    0.009340318217873574,
    0.009347898103296757
  ],
  "lr": [
    1.0000000000000002e-06,
    9.959572851657869e-05,
    9.797017872333527e-05,
    9.513951241970062e-05,
    9.117484390735627e-05,
    8.617577254772186e-05,
    8.026788830757142e-05,
    7.359960675239564e-05,
    6.633845418691635e-05,
    5.866684317588806e-05,
    5.077749714255333e-05,
    4.286862462759018e-05,
    3.5138906538486485e-05,
    2.77825266122818e-05,
    2.0984303951263428e-05,
    1.4915019273757936e-05,
    9.727144241333008e-06,
    5.5510103702545165e-06,
    2.4915337562561036e-06,
    6.25571608543396e-07,
    0.0
  ]
}