{
  "Q": {
    "layer_1": 1.006158709526062,
    "layer_2": 0.8742390871047974,
    "layer_3": 0.43575602769851685,
    "layer_4": 0.05978931486606598,
    "layer_5": 0.014617118053138256,
    "layer_6": 0.012004564516246319,
    "layer_7": 0.007113025523722172,
    "layer_8": 0.004130254499614239,
    "output": 0.0022953355219215155
  }
}