{
  "step": [
    1,
    501,
    1000
  ],
  "train_loss": [
    0.12705033183097839,
    0.0007260352373123169,
    0.0002127768541686237
  ],
  "val_loss": [
    0.14177346140146255,
    0.000742361112497747,
    0.0002901893644593656
  ],
  "val_mae": [
    0.2504321700334549,
    0.01774824261665344,
    0.010992196425795554
  ],
  "lr": [
    1.0000000000000002e-06,
    5.851053446531296e-05,
    0.0
  ]
}