{
  "step": [
    500,
    1000,
    1500,
    2000,
    2500,
    3000,
    3500,
    4000,
    4500,
    5000,
    5500,
    6000,
    6500,
    7000,
    7500,
    8000,
    8500,
    9000,
    9500,
    10000
  ],
  "train_loss": [
    6.189322972204537e-05,
    0.00017668776330538095,
    0.00022538728488143532,
    2.331839859834872e-05,
    7.339992793276906e-05,
    6.626401354878908e-06,
    8.035400642256718e-06,
    8.36921521113254e-06,
    2.1484861499629914e-05,
    0.00013897736964281647,
    1.670528970862506e-05,
    5.742768807976972e-06,
    2.455992516843253e-06,
    6.07716396189062e-06,
    8.300525144022686e-07,
    8.578088682043016e-07,
    6.370154892465507e-07,
    5.02893981320085e-07,
    4.798556778951024e-07,
    4.685547503413545e-07
  ],
  "val_loss": [
    0.0001555303436180111,
    0.00021463992656208574,
    0.0002879235235741362,
    5.943355179624632e-05,
    0.00013758885208517313,
    4.0412015405308924e-05,
    3.18486199103063e-05,
    4.0549461336922834e-05,
    5.916179208725225e-05,
    0.0002120430811191909,
    5.437303616417921e-05,
    2.9742526276095305e-05,
    3.079609008636908e-05,
    3.608652950788382e-05,
    2.9134885317034786e-05,
    2.781544881145237e-05,
    2.7994921401841567e-05,
    2.7663329638016877e-05,
    2.7064238602179102e-05,
    2.7069532025052466e-05
  ],
  "val_mae": [
    0.008187193498015404,
    0.008707025721669197,
    0.010468656718730927,
    0.004847816787660122,
    0.007450164370238781,
    0.003491618437692523,
    0.00308598093688488,
    0.003406127281486988,
    0.00466157540678978,
    0.009683183319866657,
    0.0042350221518427135,
    0.003215180514380336,
    0.0031847488973289727,
    0.003379874029196799,
    0.002876195930875838,
    0.0028013526555150745,
    0.0027756360033527015,
    0.0027853372553363442,
    0.00275894480291754,
    0.0027568003023043276
  ],
  "lr": [
    0.0009959774017333984,
    0.0009797465205192567,
    0.0009514633417129517,
    0.0009118384122848511,
    0.0008618672490119934,
    0.0008028051555156708,
    0.000736135944724083,
    0.0006635344922542572,
    0.0005868246927857399,
    0.0005079336194321513,
    0.0004288432896137238,
    0.00035154058039188387,
    0.0002779674232006073,
    0.00020997229218482972,
    0.00014926326274871827,
    9.736549854278564e-05,
    5.5582791566848754e-05,
    2.496480941772461e-05,
    6.2807500362396244e-06,
    0.0
  ]
}