{
  "step": [
    1,
    501,
    1001,
    1501,
    2001,
    2501,
    3001,
    3501,
    4001,
    4501,
    5001,
    5501,
    6001,
    6501,
    7001,
    7501,
    8001,
    8501,
    9001,
    9501,
    10000
  ],
  "train_loss": [
    0.12705033183097839,
    0.00038972936454229057,
    7.316923962207512e-05,
    2.2867893858347087e-05,
    2.917040474130772e-05,
    2.3409074492519723e-05,
    9.416905450052581e-06,
    8.63300942000933e-06,
    4.971436956111575e-06,
    4.082406285306206e-06,
    5.01499265737948e-06,
    2.9072960387566125e-06,
    2.5377048541486148e-06,
    4.122658974665683e-06,
    2.116843793373846e-06,
    1.6552249417145504e-06,
    1.5645036046407768e-06,
    1.6684587808413199e-06,
    1.1139173852825479e-06,
    1.0569271034910343e-06,
    1.0538985043240245e-06
  ],
  "val_loss": [
    0.14177346140146255,
    0.0004468862130306661,
    0.00011705679324222729,
    5.850153262144886e-05,
    4.068127454956993e-05,
    4.5371401429292744e-05,
    2.8674314362433505e-05,
    2.398169381194748e-05,
    2.605931187645183e-05,
    2.6156556714340695e-05,
    2.5892371195368468e-05,
    2.25492305617081e-05,
    2.4233719086623752e-05,
    2.4991755362862024e-05,
    2.316737882210873e-05,
    2.2247426022659057e-05,
    2.2495699267892634e-05,
    2.387792992522009e-05,
    2.269535281811841e-05,
    2.2400332454708405e-05,
    2.239232118881773e-05
  ],
  "val_mae": [
    0.2504321700334549,
    0.013138205409049988,
    0.006649310626089573,
    0.004742091000080109,
    0.003958201818168163,
    0.004124995321035385,
    0.0033129264786839487,
    0.003055699663236737,
    0.003002900406718254,
    0.0029906364157795905,
    0.003000756585970521,
    0.0026794080808758736,
    0.002809847667813301,
    0.0028865586966276167,
    0.002707126922905445,
    0.0026391974091529847,
    0.0026296854764223097,
    0.002671856768429279,
    0.00262268602848053,
    0.002595955394208431,
    0.0025965641066432
  ],
  "lr": [
    1.0000000000000002e-06,
    9.959572851657869e-05,
    9.797017872333527e-05,
    9.513951241970062e-05,
    9.117484390735627e-05,
    8.617577254772186e-05,
    8.026788830757142e-05,
    7.359960675239564e-05,
    6.633845418691635e-05,
    5.866684317588806e-05,
    5.077749714255333e-05,
    4.286862462759018e-05,
    3.5138906538486485e-05,
    2.77825266122818e-05,
    2.0984303951263428e-05,
    1.4915019273757936e-05,
    9.727144241333008e-06,
    5.5510103702545165e-06,
    2.4915337562561036e-06,
    6.25571608543396e-07,
    0.0
  ]
}