{
  "Q": {
    "layer_1": 1.0061142444610596,
    "layer_2": 0.8759586215019226,
    "layer_3": 0.43968886137008667,
    "layer_4": 0.05294647440314293,
    "layer_5": 0.006559095811098814,
    "layer_6": 0.005046907812356949,
    "layer_7": 0.0027031463105231524,
    "layer_8": 0.0010694483062252402,
    "output": 0.00017882125393953174
  }
}