{
  "step": [
    1,
    501,
    1000
  ],
  "train_loss": [
    0.10575717806816101,
    0.0038430655933916567,
    0.0019416783982887864
  ],
  "val_loss": [
    0.11583896875381469,
    0.003954218095168471,
    0.0018751074746251107
  ],
  "val_mae": [
    0.23758730292320251,
    0.05320994451642037,
    0.034720978438854216
  ],
  "lr": [
    1.0000000000000002e-06,
    5.851053446531296e-05,
    0.0
  ]
}