{
  "Q": {
    "layer_1": 1.0061241388320923,
    "layer_2": 0.9098646640777588,
    "layer_3": 0.7014600038528442,
    "layer_4": 0.3330260217189789,
    "layer_5": 0.1257145255804062,
    "layer_6": 0.06881402432918549,
    "layer_7": 0.043260931968688965,
    "layer_8": 0.04098381847143173,
    "output": 0.03692316636443138
  }
}