{
  "Q": {
    "layer_1": 1.0051825046539307,
    "layer_2": 0.9541156888008118,
    "layer_3": 0.8947703242301941,
    "layer_4": 0.7789852023124695,
    "layer_5": 0.6492518186569214,
    "layer_6": 0.6547639966011047,
    "layer_7": 0.7792295813560486,
    "layer_8": 0.824718177318573,
    "output": 0.8188599348068237
  }
}