{
  "step": [
    1,
    501,
    1001,
    1501,
    2001,
    2501,
    3001,
    3501,
    4001,
    4501,
    5001,
    5501,
    6001,
    6501,
    7001,
    7501,
    8001,
    8501,
    9001,
    9501,
    10000
  ],
  "train_loss": [
    0.15249183416366577,
    0.016450154334306716,
    0.010155155621469021,
    0.0034073104709386823,
    0.0014458522433415054,
    0.0008762303693220019,
    0.0005520976125262678,
    0.0003065230173524469,
    0.00015680395415984094,
    0.00014180972735630348,
    0.00015251255681505426,
    0.00012296981818508358,
    7.561902777524664e-05,
    5.2935675048502164e-05,
    4.545468967990019e-05,
    3.630561608588323e-05,
    3.16606713749934e-05,
    2.929980772023555e-05,
    2.803177594614681e-05,
    2.7395483011787293e-05,
    2.7201831981074064e-05
  ],
  "val_loss": [
    0.15427315950393677,
    0.017905713692307472,
    0.012683571577072143,
    0.0046898229885846375,
    0.0025093550467863678,
    0.0012734564417041837,
    0.0010969776939600707,
    0.0007458880665944889,
    0.0005390728823840618,
    0.0004550500283949077,
    0.00042278543987777083,
    0.00033863662276417016,
    0.00031274264940293504,
    0.0002827856725343736,
    0.00027704718959284944,
    0.0002449932222953066,
    0.00024593897120212205,
    0.00023232703977555503,
    0.00023206181795103474,
    0.0002292989971465431,
    0.0002293086313875392
  ],
  "val_mae": [
    0.33887003898620605,
    0.10520801961421966,
    0.08813664138317108,
    0.04940667480230331,
    0.03439996615052223,
    0.026695518866181375,
    0.02150342307984829,
    0.016467543356120586,
    0.012704337500035762,
    0.012615683525800704,
    0.012279999703168868,
    0.01198057971894741,
    0.009642731128260494,
    0.009543868973851203,
    0.009227168411016465,
    0.008403112785890699,
    0.008316179886460304,
    0.008123958483338356,
    0.008101363703608512,
    0.008044538162648678,
    0.008047911636531353
  ],
  "lr": [
    1.0000000000000002e-06,
    9.959572851657869e-05,
    9.797017872333527e-05,
    9.513951241970062e-05,
    9.117484390735627e-05,
    8.617577254772186e-05,
    8.026788830757142e-05,
    7.359960675239564e-05,
    6.633845418691635e-05,
    5.866684317588806e-05,
    5.077749714255333e-05,
    4.286862462759018e-05,
    3.5138906538486485e-05,
    2.77825266122818e-05,
    2.0984303951263428e-05,
    1.4915019273757936e-05,
    9.727144241333008e-06,
    5.5510103702545165e-06,
    2.4915337562561036e-06,
    6.25571608543396e-07,
    0.0
  ]
}