{
  "Q": {
    "layer_1": 1.010093331336975,
    "layer_2": 0.9809273481369019,
    "layer_3": 0.96208256483078,
    "layer_4": 0.9687286019325256,
    "layer_5": 0.9565067887306213,
    "layer_6": 0.9445650577545166,
    "layer_7": 0.9472933411598206,
    "layer_8": 0.9814227223396301,
    "output": 0.9655515551567078
  }
}