{
  "step": [
    1,
    501,
    1001,
    1501,
    2001,
    2501,
    3001,
    3501,
    4001,
    4501,
    5001,
    5501,
    6001,
    6501,
    7001,
    7501,
    8001,
    8501,
    9001,
    9501,
    10000
  ],
  "train_loss": [
    0.507701530456543,
    0.009000081084668637,
    0.001122787215281278,
    0.00042675321048591286,
    0.00020245387684553862,
    0.00017921337799634785,
    0.00021807535667903722,
    1.8368450218986256e-05,
    2.995103379362263e-05,
    1.668567223532591e-05,
    1.1253108896198683e-05,
    1.2071406308677978e-05,
    7.901037497504148e-06,
    3.834859817288816e-05,
    3.488051097519929e-06,
    3.316641259516473e-06,
    2.2714381748301094e-06,
    2.1776727817268692e-06,
    1.981890104616468e-06,
    1.9328667622176e-06,
    1.9039602307202586e-06
  ],
  "val_loss": [
    0.5222033047676087,
    0.006595096262171865,
    0.0015130413381848485,
    0.000588446349138394,
    0.0003325981492525898,
    0.0002238825405947864,
    0.00028444164665415885,
    0.00013115099089191061,
    0.00014834011111815925,
    0.00010455198083946016,
    8.307591011543991e-05,
    9.388996804773341e-05,
    8.808604201476555e-05,
    8.697387820575387e-05,
    7.352507866016822e-05,
    7.024552945949835e-05,
    7.295146366232075e-05,
    7.201913329481613e-05,
    7.052866327285301e-05,
    7.044843556286651e-05,
    7.066818378007156e-05
  ],
  "val_mae": [
    0.654147493839264,
    0.05057002857327461,
    0.018620509952306748,
    0.009415724128484727,
    0.008140070103108884,
    0.009070830754935741,
    0.011658089570701122,
    0.003579385057091713,
    0.0044888836145401,
    0.0036834776401519775,
    0.0030531774088740347,
    0.003747868649661541,
    0.003052484467625618,
    0.005590581148862839,
    0.0025387248769402505,
    0.0024441806972026825,
    0.0023634421452879907,
    0.0023009136319160463,
    0.0022543849423527717,
    0.0022580328583717345,
    0.0022581806778907776
  ],
  "lr": [
    1.0000000000000002e-06,
    9.959572851657869e-05,
    9.797017872333527e-05,
    9.513951241970062e-05,
    9.117484390735627e-05,
    8.617577254772186e-05,
    8.026788830757142e-05,
    7.359960675239564e-05,
    6.633845418691635e-05,
    5.866684317588806e-05,
    5.077749714255333e-05,
    4.286862462759018e-05,
    3.5138906538486485e-05,
    2.77825266122818e-05,
    2.0984303951263428e-05,
    1.4915019273757936e-05,
    9.727144241333008e-06,
    5.5510103702545165e-06,
    2.4915337562561036e-06,
    6.25571608543396e-07,
    0.0
  ]
}