{
  "Q": {
    "layer_1": 1.0062662363052368,
    "layer_2": 0.9721218943595886,
    "layer_3": 0.9434311389923096,
    "layer_4": 0.8866221904754639,
    "layer_5": 0.863287627696991,
    "layer_6": 0.8922329545021057,
    "layer_7": 0.9292336106300354,
    "layer_8": 0.9867955446243286,
    "output": 0.9885885119438171
  }
}