learning_rate,lambda_sym_1_max,lambda_sym_2_max,test_task_loss,test_sym_loss_1,test_sym_loss_2
0.0001,1.0,1.0,7.559687298908102e-05,6.439146795855777e-05,6.187954763703374e-06
0.0001,0.5,0.5,9.117667991631606e-05,0.00015819382133486215,7.878222424650971e-06
