learning_rate,lambda_sym_1_max,lambda_sym_2_max,test_task_loss,test_sym_loss_1,test_sym_loss_2
0.0001,1.0,1.0,9.461697277401981e-05,5.651775359183375e-05,5.4614293052424046e-06
0.0001,0.5,0.5,5.9850302250197274e-05,9.079972528525104e-05,7.781444271159899e-06
