learning_rate,lambda_sym_1_max,lambda_sym_2_max,test_task_loss,test_sym_loss_1,test_sym_loss_2
0.0001,1.0,1.0,6.195899777594605e-05,3.576209053335333e-05,8.353357088708435e-06
0.0001,0.5,0.5,5.872752421964833e-05,5.4961389423624496e-05,9.072357983086476e-06
