learning_rate,lambda_sym_1_max,lambda_sym_2_max,test_task_loss,test_sym_loss_1,test_sym_loss_2
0.0001,1.0,1.0,9.400720045960043e-05,3.372273312152174e-05,1.1881051939610643e-05
0.0001,0.5,0.5,6.438813488784945e-05,3.3800282039919693e-05,8.605993116361788e-06
