learning_rate,lambda_sym_1_max,lambda_sym_2_max,test_task_loss,test_sym_loss_1,test_sym_loss_2
0.0001,1.0,1.0,7.104785731826269e-05,5.172813007447985e-05,5.820076694362797e-06
0.0001,0.5,0.5,6.106724754317838e-05,7.283513696165755e-05,5.497141309263043e-06
