learning_rate,lambda_sym_1_max,lambda_sym_2_max,test_task_loss,test_sym_loss_1,test_sym_loss_2
0.0001,1.0,1.0,0.00010456299582983775,7.913721447039279e-05,8.493449751512117e-06
0.0001,0.5,0.5,8.875081016412878e-05,0.0001180106637548306,8.094419250426199e-06
