learning_rate,lambda_sym_1_max,lambda_sym_2_max,test_task_loss,test_sym_loss_1,test_sym_loss_2
0.0001,1.0,1.0,6.481009654635272e-05,4.800966860329936e-05,6.040954584562996e-06
0.0001,0.5,0.5,5.63856201551971e-05,6.522421176669013e-05,5.881074153890609e-06
