learning_rate,lambda_sym_1_max,lambda_sym_2_max,test_task_loss,test_sym_loss_1,test_sym_loss_2
0.0001,1.0,1.0,0.00010296047616975557,6.536776481880224e-05,5.6184720378382735e-06
0.0001,0.5,0.5,6.789154474518e-05,9.094155052480346e-05,5.1731312851188704e-06
