learning_rate,lambda_sym_1_max,lambda_sym_2_max,test_task_loss,test_sym_loss_1,test_sym_loss_2
0.0001,1.0,1.0,0.00013561905166170618,5.440283985080896e-05,6.252849217958101e-06
0.0001,0.5,0.5,7.553340174126788e-05,9.960097827388381e-05,7.954493721484823e-06
