learning_rate,lambda_sym_1_max,lambda_sym_2_max,test_task_loss,test_sym_loss_1,test_sym_loss_2
0.0001,1.0,1.0,4.2674080646065704e-05,1.9856865975498295e-05,5.560488517630802e-06
0.0001,0.5,0.5,3.695143027471204e-05,3.797936165028659e-05,8.900727628713412e-06
