{
  "step": [
    1,
    501,
    1001,
    1501,
    2001,
    2501,
    3001,
    3501,
    4001,
    4501,
    5001,
    5501,
    6001,
    6501,
    7001,
    7501,
    8001,
    8501,
    9001,
    9501,
    10000
  ],
  "train_loss": [
    0.10575717806816101,
    0.002463193340227008,
    0.0009680718369781971,
    0.0009710659459233284,
    0.0007152926072012633,
    0.0005867839336860925,
    0.00034976242226548494,
    0.00021724691556300967,
    9.455283376155421e-05,
    7.276217103935779e-05,
    5.842206432134844e-05,
    3.482714262645459e-05,
    2.9158131328586025e-05,
    2.432292498269817e-05,
    2.2248696768656374e-05,
    2.0021928467031103e-05,
    1.883635226477054e-05,
    1.814380615542177e-05,
    1.758240784511145e-05,
    1.7130813394032884e-05,
    1.7093302367356956e-05
  ],
  "val_loss": [
    0.11583896875381469,
    0.002719733053818345,
    0.0008986396697582677,
    0.0009694648301228881,
    0.0006995057841413655,
    0.0005809322585992049,
    0.00037494222604436797,
    0.0002916993759572506,
    0.00012501668592449278,
    0.00011261675783316605,
    0.00011093512061052025,
    9.166121686575935e-05,
    8.692335919477045e-05,
    8.963414205936715e-05,
    8.493617278872989e-05,
    8.252141618868336e-05,
    8.452009336906485e-05,
    7.943629578221589e-05,
    7.779264895361848e-05,
    7.819273640052415e-05,
    7.834602933144196e-05
  ],
  "val_mae": [
    0.23758730292320251,
    0.043374643325805665,
    0.018468658700585366,
    0.020058252662420274,
    0.015463886260986328,
    0.013835148829966783,
    0.011554466914385558,
    0.011458185948431492,
    0.006452998295426369,
    0.006673024892807007,
    0.00660161528736353,
    0.005348463002592325,
    0.005232606884092093,
    0.005378622803837061,
    0.005161696635186672,
    0.005256707724183798,
    0.005225391034036875,
    0.005148387849330902,
    0.005046338159590959,
    0.005052026864141226,
    0.005056085735559463
  ],
  "lr": [
    1.0000000000000002e-06,
    9.959572851657869e-05,
    9.797017872333527e-05,
    9.513951241970062e-05,
    9.117484390735627e-05,
    8.617577254772186e-05,
    8.026788830757142e-05,
    7.359960675239564e-05,
    6.633845418691635e-05,
    5.866684317588806e-05,
    5.077749714255333e-05,
    4.286862462759018e-05,
    3.5138906538486485e-05,
    2.77825266122818e-05,
    2.0984303951263428e-05,
    1.4915019273757936e-05,
    9.727144241333008e-06,
    5.5510103702545165e-06,
    2.4915337562561036e-06,
    6.25571608543396e-07,
    0.0
  ]
}