{
  "Q": {
    "layer_1": 1.005900502204895,
    "layer_2": 0.9090347290039062,
    "layer_3": 0.7272672653198242,
    "layer_4": 0.3864024579524994,
    "layer_5": 0.12797456979751587,
    "layer_6": 0.03981153294444084,
    "layer_7": 0.012718036770820618,
    "layer_8": 0.022981449961662292,
    "output": 0.054122067987918854
  }
}