{
  "Q": {
    "layer_1": 0.9993861317634583,
    "layer_2": 0.8599016666412354,
    "layer_3": 0.5850032567977905,
    "layer_4": 0.2421615719795227,
    "layer_5": 0.04218808934092522,
    "layer_6": 0.01932663470506668,
    "layer_7": 0.00711741391569376,
    "layer_8": 0.0032893589232116938,
    "layer_9": 0.0019787242636084557,
    "layer_10": 0.0014917815569788218,
    "layer_11": 0.0012710008304566145,
    "layer_12": 0.0012672782177105546,
    "layer_13": 0.001289833802729845,
    "layer_14": 0.0013361609308049083,
    "layer_15": 0.0013329648645594716,
    "layer_16": 0.0014027173165231943,
    "output": 0.0013942592777311802
  }
}