{
  "step": [
    1,
    501,
    1001,
    1501,
    2001,
    2501,
    3001,
    3501,
    4001,
    4501,
    5001,
    5501,
    6001,
    6501,
    7001,
    7501,
    8001,
    8501,
    9001,
    9501,
    10000
  ],
  "train_loss": [
    0.1947998097538948,
    0.10364124983549118,
    0.003402513302862644,
    0.0009224970079958439,
    0.0005856615235097706,
    0.0002765609382186085,
    0.00020568191655911505,
    0.00013575013406807556,
    0.0001074675639392808,
    0.00010275958251440898,
    8.151063026161865e-05,
    6.538001558510587e-05,
    6.318815721897408e-05,
    5.424943272373639e-05,
    5.480374238686636e-05,
    4.819684574613348e-05,
    6.086311535909772e-05,
    4.336034820880741e-05,
    4.4856110616819936e-05,
    4.259947803802788e-05,
    4.2232650012010707e-05
  ],
  "val_loss": [
    0.21916428327560425,
    0.10890825241804122,
    0.0038655136339366437,
    0.0013736773934215308,
    0.0009510778076946736,
    0.0006748411944136023,
    0.00047880152822472156,
    0.00039097023662179706,
    0.0003572169574908912,
    0.000313221903052181,
    0.00027631367032881826,
    0.00026281592377927157,
    0.0002540187310660258,
    0.00024173088720999658,
    0.0002260381303494796,
    0.00021780295472126454,
    0.00024039916665060445,
    0.00020127508032601326,
    0.00020781310857273638,
    0.00019966991909313946,
    0.00020041712443344295
  ],
  "val_mae": [
    0.32700061678886416,
    0.2744763767719269,
    0.040440931022167205,
    0.022013979256153105,
    0.01931584656238556,
    0.01610507607460022,
    0.01370470367372036,
    0.01231628231704235,
    0.011508294083178043,
    0.010820931270718575,
    0.010002968683838844,
    0.009603945575654506,
    0.00945140991359949,
    0.009126403108239175,
    0.008815896436572076,
    0.008678932525217533,
    0.008970302976667881,
    0.008380536362528801,
    0.008411640785634517,
    0.008369315676391124,
    0.008350966796278954
  ],
  "lr": [
    1.0000000000000002e-06,
    9.959572851657869e-05,
    9.797017872333527e-05,
    9.513951241970062e-05,
    9.117484390735627e-05,
    8.617577254772186e-05,
    8.026788830757142e-05,
    7.359960675239564e-05,
    6.633845418691635e-05,
    5.866684317588806e-05,
    5.077749714255333e-05,
    4.286862462759018e-05,
    3.5138906538486485e-05,
    2.77825266122818e-05,
    2.0984303951263428e-05,
    1.4915019273757936e-05,
    9.727144241333008e-06,
    5.5510103702545165e-06,
    2.4915337562561036e-06,
    6.25571608543396e-07,
    0.0
  ]
}