{
  "step": [
    1,
    501,
    1001,
    1501,
    2001,
    2501,
    3001,
    3501,
    4001,
    4501,
    5001,
    5501,
    6001,
    6501,
    7001,
    7501,
    8001,
    8501,
    9001,
    9501,
    10000
  ],
  "train_loss": [
    0.12705033183097839,
    0.00011262429266935214,
    7.904032216174528e-05,
    0.001375185241922736,
    3.1171707596513444e-05,
    7.075526984408498e-05,
    6.303151254542171e-05,
    3.5386345989536496e-05,
    7.5177430335315875e-06,
    3.9649241225561125e-05,
    3.4789182900567537e-05,
    2.1591521690424997e-05,
    4.538635512290056e-06,
    1.5845742063902434e-06,
    1.182665864689625e-06,
    1.8208241544925841e-06,
    7.400879076158162e-07,
    6.414777772079106e-07,
    6.006704484207148e-07,
    5.245069087322917e-07,
    5.102562772663077e-07
  ],
  "val_loss": [
    0.14177346140146255,
    0.0001886861410457641,
    0.0001037525909487158,
    0.001928596249781549,
    8.50459877983667e-05,
    0.00015889955859165638,
    0.00011094635148765519,
    7.521784340497106e-05,
    4.9444819305790586e-05,
    6.430832072510385e-05,
    8.457956602796912e-05,
    6.422986796678743e-05,
    3.787455105339177e-05,
    3.4964555816259235e-05,
    3.39937316311989e-05,
    3.3952088942896806e-05,
    3.230995919693669e-05,
    3.314186122224783e-05,
    3.236544799619878e-05,
    3.18895141572284e-05,
    3.2166034307010707e-05
  ],
  "val_mae": [
    0.2504321700334549,
    0.008719517365098,
    0.006732452958822251,
    0.028168823271989822,
    0.005610387697815895,
    0.008213117010891438,
    0.006644954439252615,
    0.005312649831175804,
    0.004068601625040174,
    0.005136854648590088,
    0.005675108879804611,
    0.00467454019933939,
    0.0033761557936668398,
    0.003067753165960312,
    0.002966917268931866,
    0.0029937282437458635,
    0.002879117652773857,
    0.0029286057874560356,
    0.0028850621730089187,
    0.002858205996453762,
    0.00287102822214365
  ],
  "lr": [
    1e-05,
    0.0009959572851657868,
    0.0009797017872333526,
    0.0009513951241970063,
    0.0009117484390735626,
    0.0008617577254772187,
    0.0008026788830757141,
    0.0007359960675239563,
    0.0006633845418691635,
    0.0005866684317588806,
    0.0005077749714255333,
    0.0004286862462759018,
    0.0003513890653848648,
    0.000277825266122818,
    0.00020984303951263427,
    0.00014915019273757936,
    9.727144241333008e-05,
    5.551010370254517e-05,
    2.4915337562561035e-05,
    6.25571608543396e-06,
    0.0
  ]
}