{
  "step": [
    500,
    1000,
    1500,
    2000,
    2500,
    3000,
    3500,
    4000,
    4500,
    5000,
    5500,
    6000,
    6500,
    7000,
    7500,
    8000,
    8500,
    9000,
    9500,
    10000
  ],
  "train_loss": [
    5.3367190916784894e-17,
    5.3367200924587947e-17,
    5.3367202292656123e-17,
    5.336706893406572e-17,
    5.3367143908605614e-17,
    5.3367087409741505e-17,
    5.336712607718421e-17,
    5.336713061336022e-17,
    5.3367057511430254e-17,
    5.3367131132716996e-17,
    5.3367129206829287e-17,
    5.336713024459422e-17,
    5.336708610874166e-17,
    5.33670273409102e-17,
    5.3367027897183556e-17,
    5.336708594255463e-17,
    5.336705833052534e-17,
    5.336707099620064e-17,
    5.336709893137102e-17,
    5.336695278360125e-17
  ],
  "val_loss": [
    1.6566502236447615e-14,
    1.6566502236447615e-14,
    1.656650223654194e-14,
    1.656643873327184e-14,
    1.656650223654298e-14,
    1.6566438733296512e-14,
    1.6566469710591913e-14,
    1.656650223655369e-14,
    1.6566502236565506e-14,
    1.656646971051215e-14,
    1.6566469710512045e-14,
    1.6566502236565506e-14,
    1.6566502236566613e-14,
    1.6566502236565506e-14,
    1.6566502236565506e-14,
    1.6566502236566613e-14,
    1.6566502236566613e-14,
    1.6566502236566613e-14,
    1.6566502236566613e-14,
    1.6566502236566613e-14
  ],
  "val_accuracy": [
    1.0,
    1.0,
    1.0,
    1.0,
    1.0,
    1.0,
    1.0,
    1.0,
    1.0,
    1.0,
    1.0,
    1.0,
    1.0,
    1.0,
    1.0,
    1.0,
    1.0,
    1.0,
    1.0,
    1.0
  ],
  "lr": [
    0.0009959774017333984,
    0.0009797465205192567,
    0.0009514633417129517,
    0.0009118384122848511,
    0.0008618672490119934,
    0.0008028051555156708,
    0.000736135944724083,
    0.0006635344922542572,
    0.0005868246927857399,
    0.0005079336194321513,
    0.0004288432896137238,
    0.00035154058039188387,
    0.0002779674232006073,
    0.00020997229218482972,
    0.00014926326274871827,
    9.736549854278564e-05,
    5.5582791566848754e-05,
    2.496480941772461e-05,
    6.2807500362396244e-06,
    0.0
  ]
}