learning_rate,lambda_sym_max,symmetry_layer,test_task_loss,test_sym_loss
0.0006,0,1,0.00010128436136369601,216.23746967315674
0.0006,0,2,0.00010128436136369601,44.24118232727051
0.0006,0,3,0.00010128436136369601,0.6715007722377777
0.0006,0,4,0.00010128436136369601,0.04582518548704684
0.0006,0,-1,0.00010128436136369601,4.5340764813772694e-05
0.0006,0.001,1,0.0007288146339305968,0.31008215993642807
0.0006,0.001,2,4.63873245735158e-05,0.014008633210323751
0.0006,0.001,3,6.198994549322379e-05,0.004077499368577264
