{
  "step": [
    1,
    501,
    1000
  ],
  "train_loss": [
    0.15249183416366577,
    0.01844013549387455,
    0.015134339556097984
  ],
  "val_loss": [
    0.15427315950393677,
    0.01931846022605896,
    0.016925515830516814
  ],
  "val_mae": [
    0.33887003898620605,
    0.10802258402109147,
    0.10256327658891679
  ],
  "lr": [
    1.0000000000000002e-06,
    5.851053446531296e-05,
    0.0
  ]
}