{
  "Q": {
    "layer_1": 1.0064700841903687,
    "layer_2": 0.9728907942771912,
    "layer_3": 0.9427510499954224,
    "layer_4": 0.8944329619407654,
    "layer_5": 0.8566923141479492,
    "layer_6": 0.8714945912361145,
    "layer_7": 0.9198347330093384,
    "layer_8": 0.900420069694519,
    "output": 0.906669020652771
  }
}