{
  "Q": {
    "layer_1": 1.0012136697769165,
    "layer_2": 0.8704641461372375,
    "layer_3": 0.3625911474227905,
    "layer_4": 0.0625854954123497,
    "layer_5": 0.01621449552476406,
    "layer_6": 0.006766290869563818,
    "layer_7": 0.0030045288149267435,
    "layer_8": 0.00048793209134601057,
    "layer_9": 0.0004825100477319211,
    "layer_10": 0.00050389114767313,
    "layer_11": 0.0005150046781636775,
    "layer_12": 0.0005174947436898947,
    "layer_13": 0.0005341350915841758,
    "layer_14": 0.0005200776504352689,
    "layer_15": 0.0005124375456944108,
    "layer_16": 0.000514220679178834,
    "layer_17": 0.0005202470347285271,
    "layer_18": 0.0005219512386247516,
    "layer_19": 0.0005398455541580915,
    "layer_20": 0.000538683554623276,
    "output": 0.0005348033155314624
  }
}