{
  "step": [
    1,
    501,
    1001,
    1501,
    2001,
    2501,
    3001,
    3501,
    4001,
    4501,
    5001,
    5501,
    6001,
    6501,
    7001,
    7501,
    8001,
    8501,
    9001,
    9501,
    10000
  ],
  "train_loss": [
    0.16757660388946533,
    0.0749545493721962,
    0.00043082068557851014,
    0.000194981632521376,
    9.709046280477196e-05,
    3.389713012438733e-05,
    2.974681745399721e-05,
    2.1111336900503373e-05,
    1.6399577907577624e-05,
    1.563688369060401e-05,
    1.3032498754910193e-05,
    1.1305049520160538e-05,
    1.2668250128626824e-05,
    1.2080387823516504e-05,
    1.305399724515155e-05,
    1.7868721406557598e-05,
    8.839522379275878e-06,
    8.43655578137259e-06,
    8.166290863300673e-06,
    7.927871702122501e-06,
    7.823284104233608e-06
  ],
  "val_loss": [
    0.18881555199623107,
    0.07510083720088005,
    0.0006311379931867123,
    0.0003146618045866489,
    0.00019293531775474548,
    0.00013324524246854707,
    0.00012936136918142437,
    0.00010933293640846386,
    9.764138587343041e-05,
    9.682649084425066e-05,
    9.111173942073947e-05,
    8.896050105249741e-05,
    8.741006415220909e-05,
    9.075073925487232e-05,
    8.785403333604336e-05,
    9.335314483905676e-05,
    8.45530955848517e-05,
    8.216039979743073e-05,
    8.216000882384834e-05,
    8.216301815991756e-05,
    8.256616201833822e-05
  ],
  "val_mae": [
    0.2767321467399597,
    0.2171265286207199,
    0.01649053692817688,
    0.011732013896107674,
    0.008344504199922085,
    0.006776096187531948,
    0.006364113911986351,
    0.0057536491006612775,
    0.005587240885943174,
    0.005286649335175753,
    0.005061368532478809,
    0.004973765071481466,
    0.005141291543841362,
    0.005101100206375122,
    0.005064364494755864,
    0.005252853035926819,
    0.004794414611533284,
    0.0047505532018840314,
    0.004710921160876751,
    0.004734510583803058,
    0.004764529978856445
  ],
  "lr": [
    1.0000000000000002e-06,
    9.959572851657869e-05,
    9.797017872333527e-05,
    9.513951241970062e-05,
    9.117484390735627e-05,
    8.617577254772186e-05,
    8.026788830757142e-05,
    7.359960675239564e-05,
    6.633845418691635e-05,
    5.866684317588806e-05,
    5.077749714255333e-05,
    4.286862462759018e-05,
    3.5138906538486485e-05,
    2.77825266122818e-05,
    2.0984303951263428e-05,
    1.4915019273757936e-05,
    9.727144241333008e-06,
    5.5510103702545165e-06,
    2.4915337562561036e-06,
    6.25571608543396e-07,
    0.0
  ]
}