{
  "step": [
    500,
    1000,
    1500,
    2000,
    2500,
    3000,
    3500,
    4000,
    4500,
    5000,
    5500,
    6000,
    6500,
    7000,
    7500,
    8000,
    8500,
    9000,
    9500,
    10000
  ],
  "train_loss": [
    7.409861902262743e-10,
    2.6182858995869116e-10,
    2.3327770374765973e-10,
    2.3327790789944384e-10,
    2.332779183046628e-10,
    2.332779002364578e-10,
    2.332778820915963e-10,
    2.332778998531149e-10,
    2.3327789931023937e-10,
    2.332775682233562e-10,
    2.33277372614698e-10,
    2.3327791919063503e-10,
    2.3327756251212765e-10,
    2.3327756848298387e-10,
    2.332775488760588e-10,
    2.332775592207996e-10,
    2.3327756277465947e-10,
    2.3327756665068224e-10,
    2.332775767746136e-10,
    2.3327758623166386e-10
  ],
  "val_loss": [
    2.0463564824320206e-10,
    7.088728530570033e-11,
    6.303304972161278e-11,
    6.303304972161278e-11,
    6.303304972161278e-11,
    6.303304972161278e-11,
    6.303304972103196e-11,
    6.30330499688496e-11,
    6.30330499688496e-11,
    6.303269464791818e-11,
    6.303269464791818e-11,
    6.303269464791818e-11,
    6.303269464791818e-11,
    6.303269464791818e-11,
    6.303269464791818e-11,
    6.303269464791818e-11,
    6.303269464791818e-11,
    6.303269464791818e-11,
    6.303269464791818e-11,
    6.303269464791818e-11
  ],
  "val_accuracy": [
    1.0,
    1.0,
    1.0,
    1.0,
    1.0,
    1.0,
    1.0,
    1.0,
    1.0,
    1.0,
    1.0,
    1.0,
    1.0,
    1.0,
    1.0,
    1.0,
    1.0,
    1.0,
    1.0,
    1.0
  ],
  "lr": [
    0.0009959774017333984,
    0.0009797465205192567,
    0.0009514633417129517,
    0.0009118384122848511,
    0.0008618672490119934,
    0.0008028051555156708,
    0.000736135944724083,
    0.0006635344922542572,
    0.0005868246927857399,
    0.0005079336194321513,
    0.0004288432896137238,
    0.00035154058039188387,
    0.0002779674232006073,
    0.00020997229218482972,
    0.00014926326274871827,
    9.736549854278564e-05,
    5.5582791566848754e-05,
    2.496480941772461e-05,
    6.2807500362396244e-06,
    0.0
  ]
}